Legacy Disconnect	Facebook	http://www.facebook.com/
Legacy Disconnect	Google	http://www.google.com/
Legacy Disconnect	LinkedIn	http://www.linkedin.com/
Legacy Disconnect	Twitter	https://twitter.com/
Legacy Disconnect	Yahoo	http://www.yahoo.com/
Legacy Content	Facebook	http://www.facebook.com/
Legacy Content	Google	http://www.google.com/
Legacy Content	Yahoo	http://www.yahoo.com/
Disconnect	Facebook	http://www.facebook.com/
Disconnect	Google	http://www.google.com/
Disconnect	Twitter	https://twitter.com/
Content	33Across	http://33across.com/
Content	ActivEngage	http://www.activengage.com/
Content	Adap.tv	http://adap.tv/
Content	Adobe	http://www.adobe.com/
Content	Akamai	http://www.akamai.com/
Content	AKQA	http://www.akqa.com/
Content	Amazon.com	http://www.amazon.com/
Content	AOL	http://www.aol.com/
Content	Automattic	http://automattic.com/
Content	Baycloud Systems	http://cookieq.com/
Content	Baynote	http://www.baynote.com/
Content	Bazaarvoice	http://www.bazaarvoice.com/
Content	BigDoor	http://www.bigdoor.com/
Content	Brightcove	http://www.brightcove.com/
Content	Browser-Update.org	www.browser-update.org/
Content	BTBuckets	http://btbuckets.com/
Content	Buffer	http://bufferapp.com/
Content	Bunchball	http://www.bunchball.com/
Content	buySAFE	http://www.buysafe.com/
Content	BuzzFeed	http://www.buzzfeed.com/
Content	Cbox	http://www.cbox.ws/
Content	CBS Interactive	http://www.cbsinteractive.com/
Content	Cedexis	http://www.cedexis.com/
Content	Certona	http://www.certona.com/
Content	ClipSyndicate	http://www.clipsyndicate.com/
Content	Collarity	http://www.collarity.com/
Content	Conduit	http://www.conduit.com/
Content	Congoo	http://www.congoo.com/
Content	Contact At Once!	http://www.contactatonce.com/
Content	Conviva	http://www.conviva.com/
Content	DailyMe	http://dailyme.com/
Content	DataSift	http://datasift.com/
Content	DG	http://www.dgit.com/
Content	Disqus	http://disqus.com/
Content	Echo	http://aboutecho.com/
Content	Facebook	http://www.facebook.com/
Content	Flattr	http://flattr.com/
Content	FreeWheel	http://www.freewheel.tv/
Content	Get Satisfaction	https://getsatisfaction.com/
Content	Gigya	http://www.gigya.com/
Content	Global Takeoff	http://www.globaltakeoff.com/
Content	GoGrid	http://www.gogrid.com/
Content	Google	http://www.google.com/
Content	Gravity	http://www.gravity.com/
Content	Heyzap	http://www.heyzap.com/
Content	HubSpot	http://www.hubspot.com/
Content	iovation	http://www.iovation.com/
Content	Kaltura	http://corp.kaltura.com/
Content	kikin	http://www.kikin.com/
Content	Limelight Networks	http://www.limelight.com/
Content	Livefyre	http://livefyre.com/
Content	LivePerson	http://www.liveperson.net/
Content	LiveRail	http://liverail.com/
Content	LongTail Video	http://www.longtailvideo.com/
Content	Luminate	http://luminate.com/
Content	Markit	http://www.markit.com/
Content	MashLogic	http://www.mashlogic.com/
Content	McAfee	http://www.mcafee.com/
Content	Microsoft	http://www.microsoft.com/
Content	NDN	http://www.newsinc.com/
Content	Oberon Media	http://www.oberon-media.com/
Content	Olark	http://www.olark.com/
Content	Ooyala	http://www.ooyala.com/
Content	Optimizely	https://www.optimizely.com/
Content	Oracle	http://www.oracle.com/
Content	Parse.ly	http://parsely.com/
Content	Peerius	http://www.peerius.com/
Content	Pinterest	http://pinterest.com/
Content	PunchTab	http://www.punchtab.com/
Content	RIM	http://www.rim.com/
Content	SAY	http://saymedia.com/
Content	ScribeFire	http://www.scribefire.com/
Content	Six Apart	http://www.sixapart.com/
Content	Skribit	http://skribit.com/
Content	SnapEngage	http://www.snapengage.com/
Content	Spring Metrics	http://www.springmetrics.com/
Content	Superfish	http://www.superfish.com/
Content	Synacor	http://www.synacor.com/
Content	ThingLink	http://www.thinglink.com/
Content	Thismoment	http://www.thismoment.com/
Content	Thummit	http://www.thummit.com/
Content	Topsy	http://topsy.com/
Content	TraceMyIP.org	http://www.tracemyip.org/
Content	Trackset	http://www.trackset.com/
Content	Trovus	http://www.trovus.co.uk/
Content	Trumba	http://www.trumba.com/
Content	Tumblr	http://www.tumblr.com/
Content	Turn	http://www.turn.com/
Content	TurnTo	http://www.turntonetworks.com/
Content	Tweetboard	http://tweetboard.com/
Content	Twitter Counter	http://twittercounter.com/
Content	UberMedia	http://ubermedia.com/
Content	UberTags	http://ubertags.com/
Content	Unbounce	http://unbounce.com/
Content	Uptrends	http://www.uptrends.com/
Content	Usability Sciences	http://www.usabilitysciences.com/
Content	UserVoice	http://www.uservoice.com/
Content	Vertical Acuity	http://www.verticalacuity.com/
Content	VG WORT	http://www.vgwort.de/
Content	Videology	http://www.videologygroup.com/
Content	Viewbix	http://www.viewbix.com/
Content	Vimeo	http://vimeo.com/
Content	VINDICO	http://vindicogroup.com/
Content	Visual Revenue	http://visualrevenue.com/
Content	Voice2Page	http://www.voice2page.com/
Content	WebsiteAlive	http://www.websitealive.com/
Content	Wingify	http://wingify.com/
Content	Xtify	http://xtify.com/
Content	Yahoo!	http://www.yahoo.com/
Content	Zendesk	http://www.zendesk.com/
Content	Zopim	https://www.zopim.com/
Analytics	63 Squares	http://63squares.com/
Analytics	Acxiom	http://www.acxiom.com/
Analytics	AddFreeStats	http://www.addfreestats.com/
Analytics	Amadesa	http://www.amadesa.com/
Analytics	Amazon.com	http://www.amazon.com/
Analytics	anormal-media.de	http://anormal-media.de/
Analytics	AT Internet	http://www.atinternet.com/
Analytics	Attracta	https://www.attracta.com/
Analytics	Automattic	http://automattic.com/
Analytics	Awio	http://www.awio.com/
Analytics	Belstat	http://www.belstat.com/
Analytics	BlogCounter.com	http://www.blogcounter.de/
Analytics	Bluemetrix	http://www.bluemetrix.com/
Analytics	Branica	http://www.branica.com/
Analytics	BrightEdge	http://www.brightedge.com/
Analytics	Bubblestat	http://www.bubblestat.com/
Analytics	C3 Metrics	http://c3metrics.com/
Analytics	Chartbeat	http://chartbeat.com/
Analytics	Clickdensity	http://www.clickdensity.com/
Analytics	ClickTale	http://www.clicktale.com/
Analytics	ClixMetrix	http://www.clixmetrix.com/
Analytics	Clixpy	http://clixpy.com/
Analytics	ClustrMaps	http://www.clustrmaps.com/
Analytics	CNZZ	http://www.cnzz.com/
Analytics	Compuware	http://www.compuware.com/
Analytics	comScore	http://www.comscore.com/
Analytics	Connexity	http://www.connexity.com/
Analytics	Convert Insights	http://www.convert.com/
Analytics	Convertro	http://www.convertro.com/
Analytics	Crazy Egg	http://www.crazyegg.com/
Analytics	Crowd Science	http://crowdscience.com/
Analytics	Dataium	http://www.dataium.com/
Analytics	Demandbase	http://www.demandbase.com/
Analytics	DirectCORP	http://www.directcorp.de/
Analytics	dwstat.com	http://www.dwstat.cn/
Analytics	Eloqua	http://www.eloqua.com/
Analytics	Encore	http://www.encoremetrics.com/
Analytics	eProof.com	http://www.eproof.com/
Analytics	etracker	http://www.etracker.com/
Analytics	Eulerian Technologies	http://www.eulerian.com/
Analytics	eXTReMe digital	http://extremetracking.com/
Analytics	Feedjit	http://feedjit.com/
Analytics	Footprint	http://www.footprintlive.com/
Analytics	Free Online Users	http://www.freeonlineusers.com/
Analytics	Free-PageRank.com	http://www.free-pagerank.com/
Analytics	GfK Group	http://www.gfk.com/
Analytics	GitHub	https://github.com/
Analytics	Go Daddy	http://www.godaddy.com/
Analytics	GoSquared	https://www.gosquared.com/
Analytics	GoStats	http://gostats.com/
Analytics	GTop	http://www.gtop.ro/
Analytics	Hearst	http://www.hearst.com/
Analytics	Histats	http://www.histats.com/
Analytics	Hit Sniffer	http://www.hitsniffer.com/
Analytics	HitsLink	http://www.hitslink.com/
Analytics	IBM	http://www.ibm.com/
Analytics	InboundWriter	http://www.inboundwriter.com/
Analytics	INFOnline	https://www.infonline.de/
Analytics	InfoStars	http://infostars.ru/
Analytics	Inspectlet	http://www.inspectlet.com/
Analytics	IntelligenceFocus	http://www.intelligencefocus.com/
Analytics	Intercom	https://www.intercom.io/
Analytics	iPerceptions	http://www.iperceptions.com/
Analytics	KeyMetric	http://www.keymetric.net/
Analytics	KISSmetrics	http://kissmetrics.com/
Analytics	LineZing	http://www.linezing.com/
Analytics	LivePerson	http://www.liveperson.com/
Analytics	Logdy	http://logdy.com/
Analytics	Lotame	http://www.lotame.com/
Analytics	Lynchpin	http://www.lynchpin.com/
Analytics	Lyris	http://www.lyris.com/
Analytics	Lytiks	http://www.lytiks.com/
Analytics	Marktest	http://www.marktest.com/
Analytics	Maxymiser	http://www.maxymiser.com/
Analytics	Médiamétrie-eStat	http://www.mediametrie-estat.com/
Analytics	Meetrics	http://www.meetrics.de/
Analytics	MetrixLab	http://metrixlab.com/
Analytics	Mixpanel	https://mixpanel.com/
Analytics	Mongoose Metrics	http://www.mongoosemetrics.com/
Analytics	Monitus	http://www.monitus.net/
Analytics	motigo	http://motigo.com/
Analytics	Mouseflow	http://mouseflow.com/
Analytics	MyPagerank.Net	http://www.mypagerank.net/
Analytics	Net Applications	http://www.netapplications.com/
Analytics	New Relic	http://newrelic.com/
Analytics	NewsRight	http://www.newsright.com/
Analytics	NextSTAT	http://www.nextstat.com/
Analytics	Nielsen	http://www.nielsen.com/
Analytics	nurago	http://www.nurago.com/
Analytics	Observer	http://observerapp.com/
Analytics	OneStat	http://www.onestat.com/
Analytics	Openstat	https://www.openstat.ru/
Analytics	Opentracker	http://www.opentracker.net/
Analytics	ÖWA	http://www.oewa.at/
Analytics	PersianStat.com	http://www.persianstat.com/
Analytics	Phonalytics	http://www.phonalytics.com/
Analytics	phpMyVisites	http://www.phpmyvisites.us/
Analytics	Piwik	http://piwik.org/
Analytics	Pronunciator	http://www.pronunciator.com/
Analytics	Qualaroo	http://qualaroo.com/
Analytics	QuinStreet	http://quinstreet.com/
Analytics	Quintelligence	http://www.quintelligence.com/
Analytics	RadarURL	http://radarurl.com/
Analytics	Research Now	http://www.researchnow.com/
Analytics	Roxr	http://roxr.net/
Analytics	Safecount	http://www.safecount.net/
Analytics	SageMetrics	http://www.sagemetrics.com/
Analytics	Segment.io	https://segment.io/
Analytics	SeeVolution	https://www.seevolution.com/
Analytics	ShinyStat	http://www.shinystat.com/
Analytics	Snoobi	http://www.snoobi.com/
Analytics	StatCounter	http://statcounter.com/
Analytics	Statisfy	http://statisfy.net
Analytics	STATSIT	http://www.statsit.com/
Analytics	Stratigent	http://www.stratigent.com/
Analytics	stat4u	http://stat.4u.pl/
Analytics	TENSQUARE	http://www.tensquare.com/
Analytics	The Heron Partnership	http://www.heronpartners.com.au/
Analytics	TNS	http://www.tnsglobal.com/
Analytics	TrackingSoft	http://trackingsoft.com/
Analytics	Umbel	https://www.umbel.com/
Analytics	User Local	http://nakanohito.jp/
Analytics	Vertster	http://www.vertster.com/
Analytics	VisiStat	http://www.visistat.com/
Analytics	Visit Streamer	http://www.visitstreamer.com/
Analytics	vistrac	http://vistrac.com/
Analytics	ViziSense	http://www.vizisense.com/
Analytics	Web Stats	http://www.onlinewebstats.com/
Analytics	Web Tracking Services	http://www.webtrackingservices.com/
Analytics	Web Traxs	http://www.webtraxs.com/
Analytics	Webclicktracker	http://www.webclicktracker.com/
Analytics	Webtrekk	http://www.webtrekk.com/
Analytics	Webtrends	http://webtrends.com/
Analytics	whos.amung.us	http://whos.amung.us/
Analytics	Woopra	http://www.woopra.com/
Analytics	WOW Analytics	http://www.wowanalytics.co.uk/
Analytics	WPP	http://www.wpp.com/
Analytics	Wysistat	http://www.wysistat.com/
Analytics	Yahoo!	http://www.yahoo.com/
Analytics	YellowTracker	http://www.yellowtracker.com/
Advertising	[x+1]	http://www.xplusone.com/
Advertising	2leep.com	http://2leep.com/
Advertising	33Across	http://33across.com/
Advertising	4INFO	http://www.4info.com/
Advertising	Abax Interactive	http://abaxinteractive.com/
Advertising	Accelia	http://www.accelia.net/
Advertising	Accordant Media	http://www.accordantmedia.com/
Advertising	Acquisio	http://www.acquisio.com/
Advertising	Act-On	http://www.act-on.com/
Advertising	Actisens	http://www.actisens.com/
Advertising	ActiveConversion	http://www.activeconversion.com/
Advertising	Acuity	http://www.acuity.com/
Advertising	Ad Decisive	http://www.addecisive.com/
Advertising	Ad Dynamo	http://www.addynamo.com/
Advertising	AD Europe	http://www.adeurope.com/
Advertising	Ad Knife	http://static.adknife.com/
Advertising	Ad Magnet	http://www.admagnet.com/
Advertising	ad pepper media	http://www.adpepper.us/
Advertising	AD2ONE	http://www.ad2onegroup.com/
Advertising	Ad4Game	http://ad4game.com/
Advertising	ad6media	http://www.ad6media.fr/
Advertising	AdaptiveAds	http://www.adaptiveads.com/
Advertising	Adaptly	http://adaptly.com/
Advertising	Adara Media	http://www.adaramedia.com/
Advertising	Adatus	http://www.adatus.com/
Advertising	adBrite	http://www.adbrite.com/
Advertising	Adchemy	http://www.adchemy.com/
Advertising	AdCirrus	http://adcirrus.com/
Advertising	Adconion	http://www.adconion.com/
Advertising	addGloo	http://www.addgloo.com/
Advertising	Addvantage Media	http://www.addvantagemedia.com/
Advertising	AdEngage	http://adengage.com/
Advertising	AdExtent	http://www.adextent.com/
Advertising	AdF.ly	http://adf.ly/
Advertising	Adfonic	http://adfonic.com/
Advertising	Adform	http://www.adform.com/
Advertising	AdFox	http://adfox.ru/
Advertising	AdFrontiers	http://www.adfrontiers.com/
Advertising	Adfunky	http://www.adfunky.com/
Advertising	Adfusion	http://www.adfusion.com/
Advertising	AdGent Digital	http://www.adgentdigital.com/
Advertising	AdGibbon	http://www.adgibbon.com/
Advertising	adhood	http://www.adhood.com/
Advertising	Adiant	http://www.adiant.com/
Advertising	AdInsight	http://www.adinsight.com/
Advertising	AdIQuity	http://adiquity.com/
Advertising	ADITION	http://www.adition.com/
Advertising	AdJug	http://www.adjug.com/
Advertising	AdJuggler	http://www.adjuggler.com/
Advertising	AdKeeper	http://www.adkeeper.com/
Advertising	Adknowledge	http://www.adknowledge.com/
Advertising	AdLantis	http://www.adlantis.jp/
Advertising	Adlibrium	http://www.adlibrium.com/
Advertising	adMarketplace	http://www.admarketplace.com/
Advertising	AdMarvel	http://www.admarvel.com/
Advertising	AdMaximizer Network	http://admaximizer.com/
Advertising	AdMedia	http://www.admedia.com/
Advertising	Admeta	http://www.admeta.com/
Advertising	Admicro	http://www.admicro.vn/
Advertising	Admotion	http://www.admotion.com/
Advertising	Adnetik	http://adnetik.com/
Advertising	AdNetwork.net	http://www.adnetwork.net/
Advertising	adnologies	http://www.adnologies.com/
Advertising	Adobe	http://www.adobe.com/
Advertising	AdOcean	http://www.adocean-global.com/
Advertising	Adometry	http://www.adometry.com/
Advertising	AdOn Network	http://adonnetwork.com/
Advertising	AdOnion	http://www.adonion.com/
Advertising	Adorika	http://www.clickotmedia.com/
Advertising	ADP Dealer Services	http://www.adpdealerservices.com/
Advertising	AdPerfect	http://www.adperfect.com/
Advertising	Adperium	http://www.adperium.com/
Advertising	Adpersia	http://www.adpersia.com/
Advertising	adPrecision	http://adprecision.net/
Advertising	AdPredictive	http://www.adpredictive.com/
Advertising	AdReactor	http://www.adreactor.com/
Advertising	AdReady	http://www.adready.com/
Advertising	AdRevolution	http://adrevolution.com/
Advertising	AdRiver	http://adriver.ru/
Advertising	adrolays	http://adrolays.com/
Advertising	AdRoll	http://www.adroll.com/
Advertising	AdSafe Media	http://adsafemedia.com/
Advertising	adscale	http://www.adscale.de/
Advertising	AdServerPub	http://www.adserverpub.com/
Advertising	AdShuffle	http://www.adshuffle.com/
Advertising	AdSide	http://www.adside.com/
Advertising	AdSpeed	http://www.adspeed.com/
Advertising	AdSpirit	http://www.adspirit.de/
Advertising	AdsTours	http://www.adstours.com/
Advertising	ADTECH	http://www.adtech.com/
Advertising	Adtegrity.com	http://www.adtegrity.com/
Advertising	ADTELLIGENCE	http://www.adtelligence.de/
Advertising	AdTiger	http://www.adtiger.de/
Advertising	AdTruth	http://adtruth.com/
Advertising	Adult AdWorld	http://adultadworld.com/
Advertising	Adultmoda	http://www.adultmoda.com/
Advertising	Adverline	http://www.adverline.com/
Advertising	Advert Stream	http://www.advertstream.com/
Advertising	Advertise.com	http://www.advertise.com/
Advertising	AdvertiseSpace	http://www.advertisespace.com/
Advertising	AdXpansion	http://www.adxpansion.com/
Advertising	adyard	http://adyard.de/
Advertising	ADZ	http://www.adzcentral.com/
Advertising	adzly	http://www.adzly.com/
Advertising	Adzerk	http://www.adzerk.com/
Advertising	Aegis Group	http://www.aemedia.com/
Advertising	AERIFY MEDIA	http://aerifymedia.com/
Advertising	Affectv	http://affectv.co.uk/
Advertising	affilinet	http://www.affili.net/
Advertising	Affine	http://www.affine.tv/
Advertising	AfterDownload	http://www.afterdownload.com/
Advertising	AK	http://www.aggregateknowledge.com/
Advertising	Airpush	http://www.airpush.com/
Advertising	Akamai	http://www.akamai.com/
Advertising	Amazon.com	http://www.amazon.com/
Advertising	Ambient Digital	http://ambientdigital.com.vn/
Advertising	Amobee	http://amobee.com/
Advertising	AOL	http://www.aol.com/
Advertising	Appenda	http://http://www.appenda.com//
Advertising	Applifier	http://www.applifier.com/
Advertising	AppNexus	http://www.appnexus.com/
Advertising	appssavvy	http://appssavvy.com/
Advertising	Arkwrights Homebrew	http://www.arkwrightshomebrew.com/
Advertising	AT Internet	http://www.atinternet.com/
Advertising	AT&T	http://www.att.com/
Advertising	Atoomic.com	http://www.atoomic.com/
Advertising	Atrinsic	http://atrinsic.com/
Advertising	Audience Ad Network	http://audienceadnetwork.com/
Advertising	Audience2Media	http://www.audience2media.com/
Advertising	AudienceScience	http://www.audiencescience.com/
Advertising	Augme	http://www.augme.com/
Advertising	AUTOCENTRE.UA	http://www.autocentre.ua/
Advertising	Avalanchers	http://www.avalanchers.com/
Advertising	AvantLink	http://www.avantlink.com/
Advertising	AWeber	http://www.aweber.com/
Advertising	BackBeat Media	http://www.backbeatmedia.com/
Advertising	Bannerconnect	http://www.bannerconnect.net/
Advertising	Barilliance	http://www.barilliance.com/
Advertising	BaronsNetworks	http://baronsoffers.com/
Advertising	Batanga Network	http://www.batanganetwork.com/
Advertising	Beanstock Media	http://www.beanstockmedia.com/
Advertising	beencounter	http://www.beencounter.com/
Advertising	Begun	http://www.begun.ru/
Advertising	belboon	http://www.belboon.com/
Advertising	Betgenius	http://www.betgenius.com/
Advertising	BidVertiser	http://www.bidvertiser.com/
Advertising	bigmir)net	http://www.bigmir.net/
Advertising	BinLayer	http://binlayer.com/
Advertising	Bitcoin Plus	http://www.bitcoinplus.com/
Advertising	BittAds	http://www.bittads.com/
Advertising	Bizo	http://www.bizo.com/
Advertising	Black Label Ads	http://www.blacklabelads.com/
Advertising	BlogCatalog	http://www.blogcatalog.com/
Advertising	BlogFrog	http://theblogfrog.com/
Advertising	BlogHer	http://www.blogher.com/
Advertising	BlogRollr	http://blogrollr.com/
Advertising	BLOOM Digital Platforms	http://bloom-hq.com/
Advertising	BloomReach	http://www.bloomreach.com/
Advertising	Blu Trumpet	http://www.blutrumpet.com/
Advertising	BlueCava	http://www.bluecava.com/
Advertising	BlueKai	http://www.bluekai.com/
Advertising	Brainient	http://brainient.com/
Advertising	Brand Affinity Technologies	http://www.brandaffinity.net/
Advertising	Brand.net	http://www.brand.net/
Advertising	Brandscreen	http://www.brandscreen.com/
Advertising	BrightRoll	http://www.brightroll.com/
Advertising	BrightTag	http://www.brighttag.com/
Advertising	Brilig	http://www.brilig.com/
Advertising	Burst Media	http://www.burstmedia.com/
Advertising	Burstly	http://www.burstly.com/
Advertising	BusinessOnline	http://www.businessol.com/
Advertising	BuySellAds	http://buysellads.com/
Advertising	Buysight	http://www.buysight.com/
Advertising	BuzzCity	http://www.buzzcity.com/
Advertising	BuzzParadise	http://www.buzzparadise.com/
Advertising	BV! MEDIA	http://www.buzzcity.com/
Advertising	Cadreon	http://www.cadreon.com/
Advertising	CampaignGrid	http://www.campaigngrid.com/
Advertising	CAPITALDATA	http://www.capitaldata.fr/
Advertising	Caraytech	http://www.caraytech.com.ar/
Advertising	Casale Media	http://www.casalemedia.com/
Advertising	CBproADS	http://www.cbproads.com/
Advertising	Chango	http://www.chango.com/
Advertising	Channel Intelligence	http://www.channelintelligence.com/
Advertising	ChannelAdvisor	http://www.channeladvisor.com/
Advertising	Cart.ro	http://www.cart.ro/
Advertising	Chartboost	https://www.chartboost.com/
Advertising	CheckM8	http://www.checkm8.com/
Advertising	Chitika	http://chitika.com/
Advertising	ChoiceStream	http://www.choicestream.com/
Advertising	ClearSaleing	http://www.clearsaleing.com/
Advertising	Clearsearch Media	http://www.clearsearchmedia.com/
Advertising	ClearSight Interactive	http://www.clearsightinteractive.com/
Advertising	ClickAider	http://clickaider.com/
Advertising	ClickDimensions	http://www.clickdimensions.com/
Advertising	ClickDistrict	http://www.clickdistrict.com/
Advertising	ClickFuel	http://clickfuel.com/
Advertising	ClickInc	http://www.clickinc.com/
Advertising	Clicksor	http://www.clicksor.com/
Advertising	Clickwinks	http://www.clickwinks.com/
Advertising	ClicManager	http://www.clicmanager.fr/
Advertising	Clove Network	http://www.clovenetwork.com/
Advertising	Cognitive Match	http://www.cognitivematch.com/
Advertising	Collective	http://collective.com/
Advertising	Commission Junction	http://www.cj.com/
Advertising	Compass Labs	http://compasslabs.com/
Advertising	comScore	http://www.comscore.com/
Advertising	Communicator Corp	http://www.communicatorcorp.com/
Advertising	Complex Media	http://www.complexmedianetwork.com/
Advertising	Consilium Media	http://www.consiliummedia.com/
Advertising	CONTAXE	http://www.contaxe.com/
Advertising	CONTEXTin	http://www.contextin.com/
Advertising	ContextuAds	http://www.contextuads.com/
Advertising	CONTEXTWEB	http://www.contextweb.com/
Advertising	ConvergeDirect	http://www.convergedirect.com/
Advertising	ConversionRuler	http://www.conversionruler.com/
Advertising	Conversive	http://www.conversive.nl/
Advertising	CoreMotives	http://coremotives.com/
Advertising	Cox Digital Solutions	http://www.coxdigitalsolutions.com/
Advertising	CPMStar	http://www.cpmstar.com/
Advertising	CPX Interactive	http://www.cpxinteractive.com/
Advertising	Creafi	http://www.creafi.com/
Advertising	Crimtan	http://www.crimtan.com/
Advertising	Crisp Media	http://www.crispmedia.com/
Advertising	Criteo	http://www.criteo.com/
Advertising	Cross Pixel	http://crosspixel.net/
Advertising	cXense	http://www.cxense.com/
Advertising	Cyberplex	http://www.cyberplex.com/
Advertising	Dada	http://dada.pro/
Advertising	Datalogix	http://www.datalogix.com/
Advertising	DataXu	http://www.dataxu.com/
Advertising	Datonics	http://datonics.com/
Advertising	Datran Media	http://www.datranmedia.com/
Advertising	Datvantage	http://datvantage.com/
Advertising	DC Storm	http://www.dc-storm.com/
Advertising	Dedicated Media	http://www.dedicatedmedia.com/
Advertising	Delivr	http://delivr.com/
Advertising	Demand Media	http://www.demandmedia.com/
Advertising	Delta Projects	http://www.deltaprojects.se/
Advertising	Deutsche Post DHL	http://www.dp-dhl.com/
Advertising	Developer Media	http://developermedia.com/
Advertising	dianomi	http://www.dianomi.com/
Advertising	Didit	http://www.didit.com/
Advertising	Digital River	http://www.digitalriver.com/
Advertising	Digital Window	http://www.digitalwindow.com/
Advertising	Digitize	http://www.digitize.ie/
Advertising	Direct Response Group	http://www.directresponsegroup.com/
Advertising	DoublePimp	http://doublepimp.com/
Advertising	DoublePositive	http://www.doublepositive.com/
Advertising	DoubleVerify	http://www.doubleverify.com/
Advertising	Drawbridge	http://http://drawbrid.ge/
Advertising	DS-IQ	http://www.ds-iq.com/
Advertising	DSNR Group	http://www.dsnrmg.com/
Advertising	DynamicOxygen	http://www.dynamicoxygen.com/
Advertising	eBay	http://www.ebay.com/
Advertising	Effective Measure	http://www.effectivemeasure.com/
Advertising	ekolay	http://www.ekolay.net/
Advertising	Emediate	http://www.emediate.com/
Advertising	Emego	http://www.usemax.de/
Advertising	Enecto	http://www.enecto.com/
Advertising	engage:BDR	http://engagebdr.com/
Advertising	Engago Technology	http://www.engago.com/
Advertising	Ensighten	http://www.ensighten.com/
Advertising	Entireweb	http://www.entireweb.com/
Advertising	Epic Media Group	http://www.theepicmediagroup.com/
Advertising	Epsilon	http://www.epsilon.com/
Advertising	EQ Ads	http://www.eqads.com/
Advertising	EroAdvertising	http://www.ero-advertising.com/
Advertising	Etineria	http://www.etineria.com/
Advertising	eTrigue	http://www.etrigue.com/
Advertising	Everyday Health	http://www.everydayhealth.com/
Advertising	Evidon	http://www.evidon.com/
Advertising	Evisions Marketing	http://www.evisionsmarketing.com/
Advertising	Evolve	http://www.evolvemediacorp.com/
Advertising	eWayDirect	http://www.ewaydirect.com/
Advertising	ewebse	http://ewebse.com/
Advertising	excitad	http://excitad.com/
Advertising	eXelate	http://exelate.com/
Advertising	ExoClick	http://www.exoclick.com/
Advertising	Experian	http://www.experian.com/
Advertising	Exponential Interactive	http://www.exponential.com/
Advertising	expo-MAX	http://expo-max.com/
Advertising	Extension Factory	http://www.extensionfactory.com/
Advertising	EXTENSIONS.RU	http://extensions.ru/
Advertising	Eyeconomy	http://www.eyeconomy.co.uk/
Advertising	eyeReturn Marketing	http://www.eyereturnmarketing.com/
Advertising	Eyeviewdigital	http://www.eyeviewdigital.com/
Advertising	Facilitate Digital	http://www.facilitatedigital.com/
Advertising	Fairfax Media	http://www.fxj.com.au/
Advertising	faithadnet	http://www.faithadnet.com/
Advertising	Fathom	http://www.fathomdelivers.com/
Advertising	Federated Media	http://www.federatedmedia.net/
Advertising	FetchBack	http://www.fetchback.com/
Advertising	Fiksu	http://www.fiksu.com/
Advertising	FinancialContent	http://www.financialcontent.com/
Advertising	Fizz-Buzz Media	http://www.fizzbuzzmedia.com/
Advertising	Flashtalking	http://www.flashtalking.com/
Advertising	Flite	http://www.flite.com/
Advertising	Flurry	http://www.flurry.com/
Advertising	Flytxt	http://www.flytxt.com/
Advertising	Forbes	http://www.forbes.com/
Advertising	Fox One Stop Media	http://www.foxonestop.com/
Advertising	FreakOut	http://fout.jp/
Advertising	Freedom Communications	http://www.freedom.com/
Advertising	FriendFinder Networks	http://ffn.com/
Advertising	Frog Sex	http://www.frogsex.com/
Advertising	Future Ads	https://www.futureads.com/
Advertising	Game Advertising Online	http://www.game-advertising-online.com/
Advertising	Games2win	http://www.games2win.com/
Advertising	Gamned	http://www.gamned.com/
Advertising	Gannett	http://www.gannett.com/
Advertising	GB-World	http://www.gb-world.net/
Advertising	Gemius	http://www.gemius.com/
Advertising	GENIE GROUP	http://www.geniegroupltd.co.uk/
Advertising	Genius.com	http://www.genius.com/
Advertising	GeoAds	http://www.geoads.com/
Advertising	GetGlue	http://getglue.com/
Advertising	Glam Media	http://www.glammedia.com/
Advertising	Globe7	http://www.globe7.com/
Advertising	GoDataFeed	http://godatafeed.com/
Advertising	GoldSpot Media	http://www.goldspotmedia.com/
Advertising	Grapeshot	http://www.grapeshot.co.uk/
Advertising	Grocery Shopping Network	http://www.groceryshopping.net/
Advertising	GroovinAds	http://www.groovinads.com/
Advertising	Gruner + Jahr	http://www.guj.de/
Advertising	GISMAds	http://www.gismads.jp/
Advertising	GSI Commerce	http://www.gsicommerce.com/
Advertising	GumGum	http://gumgum.com/
Advertising	Gunggo	http://www.gunggo.com/
Advertising	Hands Mobile	http://www.hands.com.br/
Advertising	Harrenmedia	http://www.harrenmedia.com/
Advertising	HealthPricer	http://www.healthpricer.com/
Advertising	Hearst	http://www.hearst.com/
Advertising	Hi-media	http://www.hi-media.com/
Advertising	HookLogic	http://www.hooklogic.com/
Advertising	Horyzon Media	http://www.horyzon-media.com/
Advertising	HOTWords	http://www.hotwords.com/
Advertising	HP	http://www.hp.com/
Advertising	Httpool	http://www.httpool.com/
Advertising	HUNT Mobile Ads	http://www.huntmads.com/
Advertising	Hurra.com	http://www.hurra.com/
Advertising	I-Behavior	http://www.i-behavior.com/
Advertising	I.UA	http://www.i.ua/
Advertising	IAC	http://www.iac.com/
Advertising	IBM	http://www.ibm.com/
Advertising	IDG	http://www.idg.com/
Advertising	iEntry	http://www.ientry.com/
Advertising	IgnitAd	http://www.ignitad.com/
Advertising	IgnitionOne	http://www.ignitionone.com/
Advertising	Improve Digital	www.improvedigital.com/
Advertising	Inadco	http://www.inadco.com/
Advertising	Infectious Media	http://www.infectiousmedia.com/
Advertising	Inflection Point Media	http://www.inflectionpointmedia.com/
Advertising	Infogroup	http://www.infogroup.com/
Advertising	Infolinks	http://www.infolinks.com/
Advertising	Infra-Ad	http://www.infra-ad.com/
Advertising	InMobi	http://www.inmobi.com/
Advertising	inneractive	http://inner-active.com/
Advertising	Innity	http://innity.com/
Advertising	InsightExpress	http://www.insightexpress.com/
Advertising	InSkin Media	http://inskinmedia.com/
Advertising	Intent Media	http://www.intentmedia.com/
Advertising	Intergi	http://intergi.com/
Advertising	Intermarkets	http://www.intermarkets.net/
Advertising	Intermundo Media	http://intermundomedia.com/
Advertising	Internet Brands	http://www.internetbrands.com/
Advertising	Interpolls	http://www.interpolls.com/
Advertising	Inuvo	http://inuvo.com/
Advertising	InvestingChannel	http://investingchannel.com/
Advertising	iPROM	http://www.iprom.si/
Advertising	iPromote	http://www.ipromote.com/
Advertising	iProspect	http://www.iprospect.com/
Advertising	ISI Technologies	http://digbro.com/
Advertising	isocket	https://www.isocket.com/
Advertising	Jaroop	http://www.jaroop.com/
Advertising	JasperLabs	http://www.jasperlabs.com/
Advertising	Jemm	http://jemmgroup.com/
Advertising	Jink	http://www.jink.de/
Advertising	Jirbo	http://jirbo.com/
Advertising	Jivox	http://www.jivox.com/
Advertising	JobThread	http://www.jobthread.com/
Advertising	JuicyAds	http://www.juicyads.com/
Advertising	Jumptap	http://www.jumptap.com/
Advertising	Kenshoo	http://www.kenshoo.com/
Advertising	Keyade	http://www.keyade.com/
Advertising	KissMyAds	http://kissmyads.com/
Advertising	KIT digital	http://kitd.com/
Advertising	Kitara Media	http://www.kitaramedia.com/
Advertising	Kokteyl	http://www.kokteyl.com/
Advertising	Komli	http://www.komli.com/
Advertising	Kontera	http://www.kontera.com/
Advertising	Korrelate	http://korrelate.com/
Advertising	Krux	http://www.krux.com/
Advertising	Layer-Ad.org	http://layer-ad.org/
Advertising	LeadBolt	http://www.leadbolt.com/
Advertising	LeadFormix	http://www.leadformix.com/
Advertising	LeadLander	http://www.leadlander.com/
Advertising	Legolas Media	http://www.legolas-media.com/
Advertising	Levexis	http://www.levexis.com/
Advertising	Lexos Media	http://www.lexosmedia.com/
Advertising	LifeStreet	http://lifestreetmedia.com/
Advertising	LiveIntent	http://www.liveintent.com/
Advertising	LiveInternet	http://www.liveinternet.ru
Advertising	LinkConnector	http://www.linkconnector.com/
Advertising	LinkShare	http://www.linkshare.com/
Advertising	Linkz	http://www.linkz.net/
Advertising	Listrak	http://www.listrak.com/
Advertising	Local Yokel Media	http://www.localyokelmedia.com/
Advertising	Longboard Media	http://longboardmedia.com/
Advertising	Loomia	http://www.loomia.com/
Advertising	LoopFuse	https://www.loopfuse.net/
Advertising	LucidMedia	http://www.lucidmedia.com/
Advertising	m6d	http://m6d.com/
Advertising	Madhouse	http://www.madhouse.cn/
Advertising	Madison Logic	http://www.madisonlogic.com/
Advertising	madvertise	http://madvertise.com/
Advertising	Magnetic	http://www.magnetic.com/
Advertising	Magnify360	http://www.magnify360.com/
Advertising	MailChimp	http://mailchimp.com/
Advertising	Manifest	http://www.manifest.ru/
Advertising	Marchex	http://www.marchex.com/
Advertising	Marimedia	http://www.marimedia.net/
Advertising	MarketGid	http://www.marketgid.com/
Advertising	Marketo	http://www.marketo.com/
Advertising	Martini Media	http://martinimedianetwork.com/
Advertising	mashero	http://www.mashero.com/
Advertising	Match.com	http://www.match.com/
Advertising	Matomy	http://www.matomy.com/
Advertising	MaxBounty	http://www.maxbounty.com/
Advertising	MaxPoint	http://maxpointinteractive.com/
Advertising	MdotM	http://mdotm.com/
Advertising	media.net	http://www.media.net/
Advertising	MediaBrix	http://www.mediabrix.com/
Advertising	MediaCom	http://www.mediacom.com/
Advertising	mediaFORGE	http://www.mediaforge.com/
Advertising	Medialets	http://www.medialets.com/
Advertising	MediaMath	http://www.mediamath.com/
Advertising	Mediaocean	http://www.mediaocean.com/
Advertising	MediaShakers	http://www.mediashakers.com/
Advertising	MediaTrust	http://www.mediatrust.com/
Advertising	MediaWhiz	http://www.mediawhiz.com/
Advertising	Medicx Media Solutions	http://www.medicxmedia.com/
Advertising	Mercent	http://www.mercent.com/
Advertising	MerchantAdvantage	http://www.merchantadvantage.com/
Advertising	Merchenta	http://www.merchenta.com/
Advertising	MegaIndex	http://www.megaindex.ru/
Advertising	Meta Network	http://www.metanetwork.com/
Advertising	Meteor	http://www.meteorsolutions.com/
Advertising	MicroAd	http://www.microad.jp/
Advertising	Microsoft	http://www.microsoft.com/
Advertising	Millennial Media	http://www.millennialmedia.com/
Advertising	Mindset Media	http://www.mindset-media.com/
Advertising	Mirando	http://www.mirando.de/
Advertising	Mixpo	http://www.mixpo.com/
Advertising	Moat	http://www.moat.com/
Advertising	MobFox	http://www.mobfox.com/
Advertising	Mobile Meteor	http://mobilemeteor.com/
Advertising	MobVision	http://www.mobvision.com/
Advertising	Mocean Mobile	http://www.moceanmobile.com/
Advertising	Mochila	http://www.mochila.com/
Advertising	Mojiva	http://www.mojiva.com/
Advertising	Monetate	http://monetate.com/
Advertising	MONETIZEdigital	https://www.cpalead.com/
Advertising	Monoloop	http://www.monoloop.com/
Advertising	Moolah Media	http://www.moolahmedia.com/
Advertising	Monster	http://www.monster.com/
Advertising	MoPub	http://www.mopub.com/
Advertising	MovieLush.com	https://www.movielush.com/
Advertising	Multiple Stream Media	http://www.multiplestreammktg.com/
Advertising	MUNDO Media	http://www.mundomedia.com/
Advertising	MyCounter	http://mycounter.com.ua/
Advertising	MyBuys	http://www.mybuys.com/
Advertising	myThings	http://www.mythings.com/
Advertising	MyWebGrocer	http://www.mywebgrocer.com/
Advertising	Nanigans	http://www.nanigans.com/
Advertising	Navegg	http://www.navegg.com/
Advertising	Net-Results	http://www.net-results.com/
Advertising	NetAffiliation	http://www.netaffiliation.com/
Advertising	NetBina	http://www.netbina.com/
Advertising	NetElixir	http://www.netelixir.com/
Advertising	Netmining	http://www.netmining.com/
Advertising	NetSeer	http://www.netseer.com/
Advertising	NetShelter	http://netshelter.com/
Advertising	Neustar	http://www.neustar.biz/
Advertising	newtention	http://newtention.de/
Advertising	Nexage	http://nexage.com/
Advertising	Nextag	http://www.nextag.com/
Advertising	NextPerformance	http://www.nextperformance.com/
Advertising	Nielsen	http://www.nielsen.com/
Advertising	Ninua	http://www.ninua.com/
Advertising	Nokta	http://www.noktamedya.com/
Advertising	NowSpots	http://nowspots.com/
Advertising	nrelate	http://nrelate.com/
Advertising	Nuffnang	http://www.nuffnang.com.my/
Advertising	nugg.ad	http://www.nugg.ad/
Advertising	Ohana Media	http://www.ohana-media.com/
Advertising	Omnicom Group	http://www.omnicomgroup.com/
Advertising	onAd	http://www.onad.eu/
Advertising	One iota	http://www.itsoneiota.com/
Advertising	Oneupweb	http://www.oneupweb.com/
Advertising	Open New Media	http://www.onm.de/
Advertising	OpenX	http://openx.com/
Advertising	Opera	http://www.opera.com/
Advertising	OPT	http://www.opt.ne.jp/
Advertising	Optify	http://www.optify.net/
Advertising	Optimal	http://optim.al/
Advertising	OptimumResponse	http://www.optimumresponse.com/
Advertising	OptMD	http://optmd.com/
Advertising	Oracle	http://www.oracle.com/
Advertising	OrangeSoda	http://www.orangesoda.com/
Advertising	Out There Media	http://www.out-there-media.com/
Advertising	Outbrain	http://www.outbrain.com/
Advertising	Oversee.net	http://www.oversee.net/
Advertising	OwnerIQ	http://www.owneriq.com/
Advertising	OxaMedia	http://www.oxamedia.com/
Advertising	Paid-To-Promote.net	http://www.paid-to-promote.net/
Advertising	Pardot	http://www.pardot.com/
Advertising	PayHit	http://www.payhit.com/
Advertising	Paypopup.com	http://www.paypopup.com/
Advertising	Peer39	http://www.peer39.com/
Advertising	PeerFly	http://peerfly.com/
Advertising	Performancing	http://performancing.com/
Advertising	Pheedo	http://site.pheedo.com/
Advertising	Pictela	http://www.pictela.com/
Advertising	Pixel.sg	http://www.pixel.sg/
Advertising	Piximedia	http://www.piximedia.com/
Advertising	PLATFORM ONE	http://www.platform-one.co.jp/
Advertising	plista	http://www.plista.com/
Advertising	Po.st	http://www.po.st/
Advertising	PocketCents	http://pocketcents.com/
Advertising	Pontiflex	http://www.pontiflex.com/
Advertising	PopAds	https://www.popads.net/
Advertising	PopRule	http://poprule.com/
Advertising	PrecisionClick	http://www.precisionclick.com/
Advertising	PredictAd	http://www.predictad.com/
Advertising	Pressflex	http://www.pressflex.com/
Advertising	Proclivity	http://www.proclivitymedia.com/
Advertising	Project Wonderful	http://www.projectwonderful.com/
Advertising	Prosperent	http://prosperent.com/
Advertising	Proximic	http://www.proximic.com/
Advertising	Public-Idées	http://www.publicidees.com/
Advertising	Publishers Clearing House	http://www.pch.com/
Advertising	PubMatic	http://www.pubmatic.com/
Advertising	Prime Visibility	http://www.primevisibility.com/
Advertising	quadrantOne	http://www.quadrantone.com/
Advertising	Quantcast	http://www.quantcast.com/
Advertising	QuinStreet	http://quinstreet.com/
Advertising	QUISMA	http://www.i-behavior.com/
Advertising	Radiate Media	http://www.radiatemedia.com/
Advertising	RadiumOne	http://www.radiumone.com/
Advertising	Radius Marketing	http://www.radiusmarketing.com/
Advertising	Rambler	http://www.rambler.ru/
Advertising	Rapleaf	http://www.rapleaf.com/
Advertising	ReachLocal	http://www.reachlocal.com/
Advertising	React2Media	http://www.react2media.com/
Advertising	Redux Media	http://reduxmedia.com/
Advertising	Rekko	http://rekko.com/
Advertising	Reklam Store	http://reklamstore.com/
Advertising	Reklamport	http://www.reklamport.com/
Advertising	Reklamz	http://www.reklamz.com/
Advertising	Relevad	http://www.relevad.com/
Advertising	Renegade Internet	http://www.renegadeinternet.com/
Advertising	Resolution Media	http://resolutionmedia.com/
Advertising	Resonate	http://www.resonateinsights.com/
Advertising	Responsys	http://www.responsys.com/
Advertising	ReTargeter	http://www.retargeter.com/
Advertising	Retirement Living	www.retirement-living.com/
Advertising	RevenueMax	http://revenuemax.de/
Advertising	Rhythm	http://rhythmnewmedia.com/
Advertising	RichRelevance	http://www.richrelevance.com/
Advertising	RightAction	http://rightaction.com/
Advertising	RMBN	http://rmbn.net/
Advertising	RMM	http://www.rmmonline.com/
Advertising	Rocket Fuel	http://rocketfuel.com/
Advertising	Rovion	http://www.rovion.com/
Advertising	RuTarget	http://www.rutarget.ru/
Advertising	Sabre	http://www.sabre.com/
Advertising	Salesforce.com	http://www.salesforce.com/
Advertising	Samurai Factory	http://www.samurai-factory.jp/
Advertising	Sapient	http://www.sapient.com/
Advertising	SAS	http://www.sas.com/
Advertising	Scandinavian AdNetworks	http://www.scandinavianadnetworks.com/
Advertising	Scribol	http://scribol.com/
Advertising	SearchForce	http://www.searchforce.com/
Advertising	Seevast	http://www.seevast.com/
Advertising	Selectable Media	http://selectablemedia.com/
Advertising	SevenAds	http://www.sevenads.net/
Advertising	SexInYourCity	http://www.sexinyourcity.com/
Advertising	ShareASale	http://www.shareasale.com/
Advertising	Shopzilla	http://www.shopzilla.com/
Advertising	Silverpop	http://www.silverpop.com/
Advertising	Simpli.fi	http://www.simpli.fi/
Advertising	SiteScout	http://www.sitescout.com/
Advertising	Skimlinks	http://skimlinks.com/
Advertising	Skupe Net	http://www.skupenet.com/
Advertising	Smaato	http://www.smaato.com/
Advertising	Smiley Media	http://www.smileymedia.com/
Advertising	Smowtion	http://smowtion.com/
Advertising	Snap	http://www.snap.com/
Advertising	SocialChorus	http://www.socialchorus.com/
Advertising	SocialInterface	http://socialinterface.com/
Advertising	SocialTwist	http://tellafriend.socialtwist.com/
Advertising	sociomantic labs	http://www.sociomantic.com/
Advertising	sophus3	http://www.sophus3.com/
Advertising	Space Chimp Media	http://spacechimpmedia.com/
Advertising	Spark Studios	http://www.sparkstudios.com/
Advertising	Sparklit	http://www.sparklit.com/
Advertising	Specific Media	http://www.specificmedia.com/
Advertising	Spectate	http://spectate.com/
Advertising	Sponge	http://spongegroup.com/
Advertising	Spongecell	http://www.spongecell.com/
Advertising	SponsorAds	http://www.sponsorads.de/
Advertising	Spot200	http://spot200.com/
Advertising	SpotXchange	http://www.spotxchange.com/
Advertising	StarGames	https://www.stargames.net/
Advertising	SteelHouse	http://www.steelhouse.com/
Advertising	Streamray	http://streamray.com/
Advertising	StrikeAd	http://www.strikead.com/
Advertising	StrongMail	http://www.strongmail.com/
Advertising	Struq	http://struq.com/
Advertising	Suite 66	http://www.suite66.com/
Advertising	Summit	http://www.summit.co.uk/
Advertising	SupersonicAds	http://www.supersonicads.com/
Advertising	Switch	http://www.switchconcepts.com/
Advertising	Swoop	http://swoop.com/
Advertising	SymphonyAM	http://www.factortg.com/
Advertising	Syncapse	http://www.syncapse.com/
Advertising	Taboola	https://www.taboola.com/
Advertising	Tailsweep	http://www.tailsweep.com/
Advertising	Tap.me	http://tap.me/
Advertising	Tapad	http://www.tapad.com/
Advertising	Tapgage	http://www.tapgage.com/
Advertising	TapIt!	http://tapit.com/
Advertising	Tatto Media	http://tattomedia.com/
Advertising	Targetix	http://targetix.net/
Advertising	Teadma	http://www.teadma.com/
Advertising	Technorati	http://technorati.com/
Advertising	TellApart	http://tellapart.com/
Advertising	Telstra	http://www.telstra.com.au/
Advertising	Terra	http://www.terra.com.br/
Advertising	The Numa Group	http://www.thenumagroup.com/
Advertising	The Rimm-Kaufman Group	http://www.rimmkaufman.com/
Advertising	The Search Agency	http://www.thesearchagency.com/
Advertising	The Trade Desk	http://thetradedesk.com/
Advertising	Think Realtime	http://www.thinkrealtime.com/
Advertising	Tinder	http://tinder.com/
Advertising	TiqIQ	http://www.tiqiq.com/
Advertising	TLVMedia	http://tlvmedia.com/
Advertising	Todacell	http://www.todacell.com/
Advertising	ToneFuse	http://tonefuse.com/
Advertising	ToneMedia	http://tonemedia.com/
Advertising	TouchCommerce	http://www.touchcommerce.com/
Advertising	TrackingSoft	http://trackingsoft.com/
Advertising	Tradedoubler	http://www.tradedoubler.com/
Advertising	TradeTracker	http://www.tradetracker.com/
Advertising	TrafficHaus	http://www.traffichaus.com/
Advertising	TrafficRevenue	http://www.trafficrevenue.net/
Advertising	Traffiq	http://www.traffiq.com/
Advertising	Travora Media	http://www.travoramedia.com/
Advertising	Tremor Video	http://www.tremorvideo.com/
Advertising	Triggit	http://triggit.com/
Advertising	TruEffect	http://www.trueffect.com/
Advertising	TRUSTe	http://www.truste.com/
Advertising	TubeMogul	http://www.tubemogul.com/
Advertising	Twelvefold	http://www.twelvefold.com/
Advertising	twyn group	http://www.twyn.com/
Advertising	Tyroo	http://www.tyroo.com/
Advertising	uCoz	http://www.ucoz.com/
Advertising	Unanimis	http://www.unanimis.co.uk/
Advertising	Underdog Media	http://www.underdogmedia.com/
Advertising	Undertone	http://www.undertone.com/
Advertising	UniQlick	http://www.uniqlick.com/
Advertising	Unruly	http://www.unrulymedia.com/
Advertising	up-value	http://www.up-value.de/
Advertising	USI Technologies	http://www.usitechnologies.com/
Advertising	ValueClick	http://www.valueclick.com/
Advertising	Various	http://www.various.com/
Advertising	Vdopia	http://www.vdopia.com/
Advertising	Velocity Media	http://adsvelocity.com/
Advertising	Velti	http://www.velti.com/
Advertising	Vemba	https://www.vemba.com/
Advertising	Vendio	http://www.vendio.com/
Advertising	Veoxa	http://www.veoxa.com/
Advertising	Veremedia	http://www.veremedia.com/
Advertising	VerticalResponse	http://www.verticalresponse.com/
Advertising	Vibrant Media	http://www.vibrantmedia.com/
Advertising	VigLink	http://www.viglink.com/
Advertising	Visible Measures	http://www.visiblemeasures.com/
Advertising	VisibleBrands	http://www.visbrands.com/
Advertising	VisualDNA	http://www.visualdna.com/
Advertising	Vizu	http://www.vizu.com/
Advertising	Vizury	http://www.vizury.com/
Advertising	Vserv	http://www.vserv.com/
Advertising	Wahoha	http://wahoha.com/
Advertising	Web.com	http://www.web.com/
Advertising	WebAds	http://www.webads.co.uk/
Advertising	WebGozar.com	http://www.webgozar.com/
Advertising	WebMetro	http://www.webmetro.com/
Advertising	Weborama	http://weborama.com/
Advertising	Webtraffic	http://www.webtraffic.se/
Advertising	WiredMinds	http://www.wiredminds.com/
Advertising	Wirtualna Polska	http://www.wp.pl/
Advertising	WordStream	http://www.wordstream.com/
Advertising	WPP	http://www.wpp.com/
Advertising	xAd	http://www.xad.com/
Advertising	Xertive Media	http://www.xertivemedia.com/
Advertising	xplosion interactive	http://www.xplosion.de/
Advertising	Xrost DS	http://www.adplan-ds.com/
Advertising	Yabuka	http://www.yabuka.com/
Advertising	Yahoo!	http://www.yahoo.com/
Advertising	Yandex	http://www.yandex.com/
Advertising	Ybrant Digital	http://www.ybrantdigital.com/
Advertising	YD	http://www.ydworld.com/
Advertising	YellowHammer	http://www.yhmg.com/
Advertising	YieldAds	http://yieldads.com/
Advertising	YieldBuild	http://yieldbuild.com/
Advertising	Yieldlab	http://www.yieldlab.de/
Advertising	YOC	http://group.yoc.com/
Advertising	youknowbest	http://www.youknowbest.com/
Advertising	YuMe	http://www.yume.com/
Advertising	Zango	http://www.zango.com/
Advertising	zanox	http://www.zanox.com/
Advertising	zapunited	http://www.zapunited.com/
Advertising	ZEDO	http://www.zedo.com/
Advertising	Zemanta	http://www.zemanta.com/
Advertising	ZestAd	http://www.zestad.com/
Advertising	Zeta Email Solutions	http://www.zetaemailsolutions.com/
Advertising	Zumobi	http://www.zumobi.com/
Social	AddThis	http://www.addthis.com/
Social	Causes	http://www.causes.com/
Social	Digg	http://digg.com/
Social	LinkedIn	http://www.linkedin.com/
Social	Lockerz	http://lockerz.com/
Social	Mail.Ru	http://mail.ru/
Social	Meebo	https://www.meebo.com/
Social	Papaya	http://papayamobile.com/
Social	reddit	http://www.reddit.com/
Social	ShareThis	http://sharethis.com/
Social	Shareaholic	http://www.shareaholic.com/
Social	StumbleUpon	http://www.stumbleupon.com/
Social	VKontakte	http://vk.com/
Social	Yahoo!	http://www.yahoo.com/
